{
    "patterns": [
      {
        "key": "mm_dd_yyyy",
        "descr": "matches mm/dd/yyyy",
        "regexArray": [
          "(?P<month>\\d{1,2})[/.-](?P<day>\\d{1,2})[/.-](?P<year>\\d{2,4})"
        ]
      },
       {
        "key": "month_text_yyyy",
        "descr": "matches month texty like Jan, 2022, January, 2022",
        "regexArray": [
          "(?P<month_text>[a-zA-Z]{3,9})[,\\s]+(?P<year>\\d{2,4})"
        ]
      },
       {
        "key": "month_text_dd_yyyy",
        "descr": "matches month texty like Nov 11 2021, November 11 2021, Nov 1 2021, Nov 11 21",
        "regexArray": [
          "(?P<month_text>[a-zA_Z]{3,9})[-,\\s](?P<day>\\d{1,2})[-,\\s]*(?P<year>\\d{2,4})"
        ]
      },
       {
        "key": "yyyy",
        "descr": "matches 4 digit year like 2022, 2023",
        "regexArray": [
          "\\s(?P<year>\\d{4})\\b"
        ]
      }
    ]
}