{
    "patterns": [
      {
        "key": "mm_dd_yyyy",
        "category": "date_patterns",
        "isActive": true,
        "descr": "matches mm/dd/yyyy",
        "regexArray": [
          "(?P<month>\\d{1,2})[/.-](?P<day>\\d{1,2})[/.-](?P<year>\\d{2,4})",
          "(?P<month>\\d{2})[/.-](?P<year>\\d{4})"
        ]
      },
       {
        "key": "month_text_dd_mm_yyyy",
        "category": "date_patterns",
         "isActive": true,
        "descr": "matches month texty like 11 Nov 2021",
        "regexArray": [
          "(?P<day>\\d{2})[-, ](?P<month_text>[a-zA_Z]{3,9})[-, ](?P<year>\\d{4})"
        ]
      },
       {
        "key": "month_text_mm_dd_yyyy",
        "category": "date_patterns",
         "isActive": true,
        "descr": "matches month texty like Nov 11 2021, November 11 2021, Nov 1 2021, Nov 11 21",
        "regexArray": [
          "(?P<month_text>[a-zA_Z]{3,9})[-,\\s](?P<day>\\d{1,2})[-,\\s]*(?P<year>\\d{2,4})"
        ]
      },
       {
        "key": "month_text_mm_yyyy",
        "category": "date_patterns",
         "isActive": true,
        "descr": "matches month texty like Jan, 2022, January, 2022",
        "regexArray": [
          "(?P<month_text>[a-zA-Z]{3,9})[,\\s]+(?P<year>\\d{2,4})"
        ]
      },
       {
        "key": "yyyy",
        "category": "date_patterns",
         "isActive": true,
        "descr": "matches 4 digit year like 2022, 2023",
        "regexArray": [
          "\\s(?P<year>\\d{4})\\b"
        ]
      },
      {
        "key": "time_part",
        "category": "date_patterns",
         "isActive": true,
         "exclusionPattern": true,
        "descr": "matches 07:55PM 0*:55AM",
        "regexArray": [
          "\\b[\\d:]+(AM|PM)\\b"
        ]
      },
       {
        "key": "number_matcher",
        "category": "number_patterns",
         "isActive": false,
        "descr": "Numbers to be highlighted for copy/paste should be the following: 1- Any number ranging from 0 to 200,000 2- Exclude, dates 3- Exclude, telephone numbers 4- Exclude negative numbers 5- Exclude exponential numbers 6- Exclude any large number over 200,000 7- Exclude numbers in formulae",
        "regexArray": [
          "[ <>](?P<integer>[-+]?\\d+(?P<decimal>\\.\\d+)?)[\\s.)%,-/]"
        ]
      },
       {
        "key": "us_phone_matcher",
        "category": "number_patterns",
         "isActive": true,
         "exclusionPattern": true,
        "descr": "matches US phone",
        "regexArray": [
          "(\\([0-9]{3}\\) |[0-9]{3}-)[0-9]{3}-[0-9]{4}"
        ]
      },
       {
        "key": "number_matcher",
        "category": "number_patterns",
         "isActive": false,
        "descr": "Numbers to be highlighted for copy/paste should be the following: 1- Any number ranging from 0 to 200,000 2- Exclude, dates 3- Exclude, telephone numbers 4- Exclude negative numbers 5- Exclude exponential numbers 6- Exclude any large number over 200,000 7- Exclude numbers in formulae",
        "regexArray": [
          "[-+]?(\\d+(\\.\\d+)?)"
        ]
      },

       {
        "key": "number_matcher",
        "category": "number_patterns",
         "isActive": false,
        "descr": "Numbers to be highlighted for copy/paste should be the following: 1- Any number ranging from 0 to 200,000 2- Exclude, dates 3- Exclude, telephone numbers 4- Exclude negative numbers 5- Exclude exponential numbers 6- Exclude any large number over 200,000 7- Exclude numbers in formulae",
        "regexArray": [
          "(?<![:/0-9a-zA-Z])[><-=]*[-+]?\\d+(\\.\\d+)?[%]?(?![:/0-9a-zA-Z])"
        ]
      },
      {
        "key": "number_matcher",
        "category": "number_patterns",
         "isActive": true,
        "descr": "Numbers to be highlighted for copy/paste should be the following: 1- Any number ranging from 0 to 200,000 2- Exclude, dates 3- Exclude, telephone numbers 4- Exclude negative numbers 5- Exclude exponential numbers 6- Exclude any large number over 200,000 7- Exclude numbers in formulae",
        "regexArray": [
          "(?<![/0-9a-zA-Z:])([><\\-.]?\\d+(\\.\\d+)?)(?:mg|lb|lbs|kg|ml|g)?(?![/0-9a-zA-Z:])[><\\-.%]?",
          "\\b(?P<BP>[1-9][0-9]{1,2}[/][3-9][2-9])\\b"
        ]
      }
    ]

}